adres na obecnej stronie,adres w nowej stronie,status,uwagi
https://jachtymazury.pl/,https://jachtymazury.pl/,ten sam adres,
https://jachtymazury.pl/antila-24-4/,https://jachtymazury.pl/antila-24-4/,ten sam adres,
https://jachtymazury.pl/antila-27-furaha/,https://jachtymazury.pl/antila-27-furaha/,ten sam adres,
https://jachtymazury.pl/antila-27-hiuma/,https://jachtymazury.pl/antila-27-hiuma/,ten sam adres,
https://jachtymazury.pl/antila-27-marmolada/,https://jachtymazury.pl/antila-27-marmolada/,ten sam adres,
https://jachtymazury.pl/antila-27-ramzesowa/,https://jachtymazury.pl/antila-27-ramzesowa/,ten sam adres,
https://jachtymazury.pl/antila-28-2-pakri/,https://jachtymazury.pl/antila-28-2-pakri/,ten sam adres,
https://jachtymazury.pl/antila-30-1-bradl/,,BRAK,do decyzji
https://jachtymazury.pl/antila-30-1-e-cleopatra/,https://jachtymazury.pl/antila-30-1-e-cleopatra/,ten sam adres,
https://jachtymazury.pl/antila-30-sarema/,https://jachtymazury.pl/antila-30-sarema/,ten sam adres,
https://jachtymazury.pl/antila-30-tutto-bene/,https://jachtymazury.pl/antila-30-tutto-bene/,ten sam adres,
https://jachtymazury.pl/antila-33-3-infinitum/,https://jachtymazury.pl/antila-33-3-infinitum/,ten sam adres,
https://jachtymazury.pl/antila-33-biala-perla/,https://jachtymazury.pl/antila-33-biala-perla/,ten sam adres,
https://jachtymazury.pl/antila-33-kassari/,https://jachtymazury.pl/antila-33-kassari/,ten sam adres,
https://jachtymazury.pl/antila-33-strega/,https://jachtymazury.pl/antila-33-strega/,ten sam adres,
https://jachtymazury.pl/antila-34-progresja/,https://jachtymazury.pl/antila-34-progresja/,ten sam adres,
https://jachtymazury.pl/bezpieczenstwo-na-jachcie-2/,https://jachtymazury.pl/bezpieczenstwo-na-jachcie/,301,przekierowanie działające na obecnej stronie — zachować
https://jachtymazury.pl/bezpieczenstwo-na-jachcie/,https://jachtymazury.pl/bezpieczenstwo-na-jachcie/,ten sam adres,
https://jachtymazury.pl/calipso-750-fire-cruiser/,https://jachtymazury.pl/calipso-750-fire-cruiser/,ten sam adres,
https://jachtymazury.pl/cennik/,https://jachtymazury.pl/cennik/,ten sam adres,
https://jachtymazury.pl/co-zabrac-na-rejs-zeglarski-na-mazurach/,https://jachtymazury.pl/co-zabrac-na-rejs-zeglarski-na-mazurach/,ten sam adres,
https://jachtymazury.pl/czarter-bez-patentu/,https://jachtymazury.pl/czarter-bez-patentu/,ten sam adres,
https://jachtymazury.pl/czarter-jachtow-gizycko/,https://jachtymazury.pl/czarter-jachtow-gizycko/,ten sam adres,
https://jachtymazury.pl/czarter-jachtow-motorowych/,https://jachtymazury.pl/czarter-jachtow-motorowych/,ten sam adres,
https://jachtymazury.pl/czarter-jachtow-motorowych/nautic-880/,https://jachtymazury.pl/czarter-jachtow-motorowych/nautic-880/,ten sam adres,
https://jachtymazury.pl/czarter-jachtow-motorowych/nexus-870-revo/,https://jachtymazury.pl/czarter-jachtow-motorowych/nexus-870-revo/,ten sam adres,
https://jachtymazury.pl/czarter-jachtow-zaglowych/,https://jachtymazury.pl/czarter-jachtow-zaglowych/,ten sam adres,
https://jachtymazury.pl/czarter-jachtow-zaglowych/antila-27/,https://jachtymazury.pl/czarter-jachtow-zaglowych/antila-27/,ten sam adres,
https://jachtymazury.pl/czarter-jachtow-zaglowych/antila-28-2/,https://jachtymazury.pl/czarter-jachtow-zaglowych/antila-28-2/,ten sam adres,
https://jachtymazury.pl/czarter-jachtow-zaglowych/antila-30-1/,https://jachtymazury.pl/czarter-jachtow-zaglowych/antila-30-1/,ten sam adres,
https://jachtymazury.pl/czarter-jachtow-zaglowych/antila-30/,https://jachtymazury.pl/czarter-jachtow-zaglowych/antila-30/,ten sam adres,
https://jachtymazury.pl/czarter-jachtow-zaglowych/antila-33-3/,https://jachtymazury.pl/czarter-jachtow-zaglowych/antila-33-3/,ten sam adres,
https://jachtymazury.pl/czarter-jachtow-zaglowych/antila-33/,https://jachtymazury.pl/czarter-jachtow-zaglowych/antila-33/,ten sam adres,
https://jachtymazury.pl/czarter-jachtow-zaglowych/maxus-24-evo/,https://jachtymazury.pl/czarter-jachtow-zaglowych/maxus-24-evo/,ten sam adres,
https://jachtymazury.pl/czarter-jachtow-zaglowych/maxus-28/,https://jachtymazury.pl/czarter-jachtow-zaglowych/maxus-28/,ten sam adres,
https://jachtymazury.pl/czarter-jachtu-kompletny-przewodnik/,https://jachtymazury.pl/czarter-jachtu-kompletny-przewodnik/,ten sam adres,
https://jachtymazury.pl/czarter-jachtu-we-wrzesniu/,https://jachtymazury.pl/czarter-jachtu-we-wrzesniu/,ten sam adres,
https://jachtymazury.pl/fundusze-europejskie/,https://jachtymazury.pl/fundusze-europejskie/,ten sam adres,
https://jachtymazury.pl/futura-860-eufemia/,https://jachtymazury.pl/futura-860-eufemia/,ten sam adres,
https://jachtymazury.pl/houseboat-mazury/,https://jachtymazury.pl/houseboat-mazury/,ten sam adres,
https://jachtymazury.pl/inwestycje-i-posrednictwo/,https://jachtymazury.pl/inwestycje-i-posrednictwo/,ten sam adres,
https://jachtymazury.pl/jachty-na-sprzedaz/,https://jachtymazury.pl/jachty-na-sprzedaz/,ten sam adres,
https://jachtymazury.pl/jaki-jacht-wybrac-dla-pary-rodziny-lub-grupy/,https://jachtymazury.pl/jaki-jacht-wybrac-dla-pary-rodziny-lub-grupy/,ten sam adres,
https://jachtymazury.pl/kontakt/,https://jachtymazury.pl/kontakt/,ten sam adres,
https://jachtymazury.pl/maxus-24-evo-waski/,https://jachtymazury.pl/maxus-24-evo-waski/,ten sam adres,
https://jachtymazury.pl/maxus-28-prawy-hals/,https://jachtymazury.pl/maxus-28-prawy-hals/,ten sam adres,
https://jachtymazury.pl/nautic-880-cuba-libre/,https://jachtymazury.pl/nautic-880-cuba-libre/,ten sam adres,
https://jachtymazury.pl/nautic-880-mojito/,https://jachtymazury.pl/nautic-880-mojito/,ten sam adres,
https://jachtymazury.pl/nautiner-38-black-stilo/,https://jachtymazury.pl/nautiner-38-black-stilo/,ten sam adres,
https://jachtymazury.pl/nexus-870-revo-bolek/,https://jachtymazury.pl/nexus-870-revo-bolek/,ten sam adres,
https://jachtymazury.pl/nexus-870-revo-wiktor/,https://jachtymazury.pl/nexus-870-revo-wiktor/,ten sam adres,
https://jachtymazury.pl/poradnik-czarterowy/,https://jachtymazury.pl/poradnik-czarterowy/,ten sam adres,
https://jachtymazury.pl/port/,https://jachtymazury.pl/port/,ten sam adres,
https://jachtymazury.pl/stillo-31-star/,https://jachtymazury.pl/stillo-31-star/,ten sam adres,
https://jachtymazury.pl/szlak-wielkich-jezior-mazurskich/,https://jachtymazury.pl/szlak-wielkich-jezior-mazurskich/,ten sam adres,
https://jachtymazury.pl/tygodniowy-rejs-po-mazurach/,https://jachtymazury.pl/tygodniowy-rejs-po-mazurach/,ten sam adres,
https://jachtymazury.pl/11186phila-880-kora/,,404 dziś,martwy link na obecnej stronie — nie przenosić
https://jachtymazury.pl/czarter-jachtow-motorowych/calipso-750/,https://jachtymazury.pl/calipso-750-fire-cruiser/,301,przekierowanie spoza mapy strony — zachować
https://jachtymazury.pl/czarter-jachtow-zaglowych/antila-24-4/,https://jachtymazury.pl/antila-24-4/,301,przekierowanie spoza mapy strony — zachować
https://jachtymazury.pl/solina-22/,,404 dziś,martwy link na obecnej stronie — nie przenosić
,https://jachtymazury.pl/aktualnosci/,nowa strona,
,https://jachtymazury.pl/filmy-szkoleniowe/,nowa strona,
,https://jachtymazury.pl/polityka-prywatnosci/,nowa strona,
,https://jachtymazury.pl/wiedza/,nowa strona,
https://jachtymazury.pl/en/,https://jachtymazury.pl/en/,EN — do zbudowania,"wersja angielska: treść, meta i hreflang w _seo/obecna-strona.json"
https://jachtymazury.pl/en/antila-24-4/,https://jachtymazury.pl/en/antila-24-4/,EN — do zbudowania,"wersja angielska: treść, meta i hreflang w _seo/obecna-strona.json"
https://jachtymazury.pl/en/antila-27-furaha/,https://jachtymazury.pl/en/antila-27-furaha/,EN — do zbudowania,"wersja angielska: treść, meta i hreflang w _seo/obecna-strona.json"
https://jachtymazury.pl/en/antila-27-hiuma/,https://jachtymazury.pl/en/antila-27-hiuma/,EN — do zbudowania,"wersja angielska: treść, meta i hreflang w _seo/obecna-strona.json"
https://jachtymazury.pl/en/antila-27-marmolada/,https://jachtymazury.pl/en/antila-27-marmolada/,EN — do zbudowania,"wersja angielska: treść, meta i hreflang w _seo/obecna-strona.json"
https://jachtymazury.pl/en/antila-27-ramzesowa/,https://jachtymazury.pl/en/antila-27-ramzesowa/,EN — do zbudowania,"wersja angielska: treść, meta i hreflang w _seo/obecna-strona.json"
https://jachtymazury.pl/en/antila-28-2-pakri/,https://jachtymazury.pl/en/antila-28-2-pakri/,EN — do zbudowania,"wersja angielska: treść, meta i hreflang w _seo/obecna-strona.json"
https://jachtymazury.pl/en/antila-30-1-bradl/,https://jachtymazury.pl/en/antila-30-1-bradl/,EN — do zbudowania,"wersja angielska: treść, meta i hreflang w _seo/obecna-strona.json"
https://jachtymazury.pl/en/antila-30-1-e-cleopatra/,https://jachtymazury.pl/en/antila-30-1-e-cleopatra/,EN — do zbudowania,"wersja angielska: treść, meta i hreflang w _seo/obecna-strona.json"
https://jachtymazury.pl/en/antila-30-sarema/,https://jachtymazury.pl/en/antila-30-sarema/,EN — do zbudowania,"wersja angielska: treść, meta i hreflang w _seo/obecna-strona.json"
https://jachtymazury.pl/en/antila-30-tutto-bene/,https://jachtymazury.pl/en/antila-30-tutto-bene/,EN — do zbudowania,"wersja angielska: treść, meta i hreflang w _seo/obecna-strona.json"
https://jachtymazury.pl/en/antila-33-3-infinitum/,https://jachtymazury.pl/en/antila-33-3-infinitum/,EN — do zbudowania,"wersja angielska: treść, meta i hreflang w _seo/obecna-strona.json"
https://jachtymazury.pl/en/antila-33-biala-perla/,https://jachtymazury.pl/en/antila-33-biala-perla/,EN — do zbudowania,"wersja angielska: treść, meta i hreflang w _seo/obecna-strona.json"
https://jachtymazury.pl/en/antila-33-kassari/,https://jachtymazury.pl/en/antila-33-kassari/,EN — do zbudowania,"wersja angielska: treść, meta i hreflang w _seo/obecna-strona.json"
https://jachtymazury.pl/en/antila-33-strega/,https://jachtymazury.pl/en/antila-33-strega/,EN — do zbudowania,"wersja angielska: treść, meta i hreflang w _seo/obecna-strona.json"
https://jachtymazury.pl/en/antila-34-progresja/,https://jachtymazury.pl/en/antila-34-progresja/,EN — do zbudowania,"wersja angielska: treść, meta i hreflang w _seo/obecna-strona.json"
https://jachtymazury.pl/en/bezpieczenstwo-na-jachcie-2/,https://jachtymazury.pl/en/bezpieczenstwo-na-jachcie-2/,EN — do zbudowania,"wersja angielska: treść, meta i hreflang w _seo/obecna-strona.json"
https://jachtymazury.pl/en/calipso-750-fire-cruiser/,https://jachtymazury.pl/en/calipso-750-fire-cruiser/,EN — do zbudowania,"wersja angielska: treść, meta i hreflang w _seo/obecna-strona.json"
https://jachtymazury.pl/en/charter-guide/,https://jachtymazury.pl/en/charter-guide/,EN — do zbudowania,"wersja angielska: treść, meta i hreflang w _seo/obecna-strona.json"
https://jachtymazury.pl/en/complete-yacht-charter-guide/,https://jachtymazury.pl/en/complete-yacht-charter-guide/,EN — do zbudowania,"wersja angielska: treść, meta i hreflang w _seo/obecna-strona.json"
https://jachtymazury.pl/en/contact/,https://jachtymazury.pl/en/contact/,EN — do zbudowania,"wersja angielska: treść, meta i hreflang w _seo/obecna-strona.json"
https://jachtymazury.pl/en/fundusze-europejskie/,https://jachtymazury.pl/en/fundusze-europejskie/,EN — do zbudowania,"wersja angielska: treść, meta i hreflang w _seo/obecna-strona.json"
https://jachtymazury.pl/en/futura-860-eufemia/,https://jachtymazury.pl/en/futura-860-eufemia/,EN — do zbudowania,"wersja angielska: treść, meta i hreflang w _seo/obecna-strona.json"
https://jachtymazury.pl/en/great-masurian-lakes-trail/,https://jachtymazury.pl/en/great-masurian-lakes-trail/,EN — do zbudowania,"wersja angielska: treść, meta i hreflang w _seo/obecna-strona.json"
https://jachtymazury.pl/en/harbour/,https://jachtymazury.pl/en/harbour/,EN — do zbudowania,"wersja angielska: treść, meta i hreflang w _seo/obecna-strona.json"
https://jachtymazury.pl/en/houseboat-masuria/,https://jachtymazury.pl/en/houseboat-masuria/,EN — do zbudowania,"wersja angielska: treść, meta i hreflang w _seo/obecna-strona.json"
https://jachtymazury.pl/en/jachty-na-sprzedaz/,https://jachtymazury.pl/en/jachty-na-sprzedaz/,EN — do zbudowania,"wersja angielska: treść, meta i hreflang w _seo/obecna-strona.json"
https://jachtymazury.pl/en/maxus-24-evo-waski/,https://jachtymazury.pl/en/maxus-24-evo-waski/,EN — do zbudowania,"wersja angielska: treść, meta i hreflang w _seo/obecna-strona.json"
https://jachtymazury.pl/en/maxus-28-prawy-hals/,https://jachtymazury.pl/en/maxus-28-prawy-hals/,EN — do zbudowania,"wersja angielska: treść, meta i hreflang w _seo/obecna-strona.json"
https://jachtymazury.pl/en/motorboats/,https://jachtymazury.pl/en/motorboats/,EN — do zbudowania,"wersja angielska: treść, meta i hreflang w _seo/obecna-strona.json"
https://jachtymazury.pl/en/motorboats/nautic-880/,https://jachtymazury.pl/en/motorboats/nautic-880/,EN — do zbudowania,"wersja angielska: treść, meta i hreflang w _seo/obecna-strona.json"
https://jachtymazury.pl/en/motorboats/nexus-870-revo/,https://jachtymazury.pl/en/motorboats/nexus-870-revo/,EN — do zbudowania,"wersja angielska: treść, meta i hreflang w _seo/obecna-strona.json"
https://jachtymazury.pl/en/nautic-880-cuba-libre/,https://jachtymazury.pl/en/nautic-880-cuba-libre/,EN — do zbudowania,"wersja angielska: treść, meta i hreflang w _seo/obecna-strona.json"
https://jachtymazury.pl/en/nautic-880-mojito/,https://jachtymazury.pl/en/nautic-880-mojito/,EN — do zbudowania,"wersja angielska: treść, meta i hreflang w _seo/obecna-strona.json"
https://jachtymazury.pl/en/nautiner-38-black-stilo/,https://jachtymazury.pl/en/nautiner-38-black-stilo/,EN — do zbudowania,"wersja angielska: treść, meta i hreflang w _seo/obecna-strona.json"
https://jachtymazury.pl/en/nexus-870-revo-bolek/,https://jachtymazury.pl/en/nexus-870-revo-bolek/,EN — do zbudowania,"wersja angielska: treść, meta i hreflang w _seo/obecna-strona.json"
https://jachtymazury.pl/en/nexus-870-revo-wiktor/,https://jachtymazury.pl/en/nexus-870-revo-wiktor/,EN — do zbudowania,"wersja angielska: treść, meta i hreflang w _seo/obecna-strona.json"
https://jachtymazury.pl/en/no-license-charter/,https://jachtymazury.pl/en/no-license-charter/,EN — do zbudowania,"wersja angielska: treść, meta i hreflang w _seo/obecna-strona.json"
https://jachtymazury.pl/en/price-list/,https://jachtymazury.pl/en/price-list/,EN — do zbudowania,"wersja angielska: treść, meta i hreflang w _seo/obecna-strona.json"
https://jachtymazury.pl/en/sailing-yachts/,https://jachtymazury.pl/en/sailing-yachts/,EN — do zbudowania,"wersja angielska: treść, meta i hreflang w _seo/obecna-strona.json"
https://jachtymazury.pl/en/sailing-yachts/antila-27/,https://jachtymazury.pl/en/sailing-yachts/antila-27/,EN — do zbudowania,"wersja angielska: treść, meta i hreflang w _seo/obecna-strona.json"
https://jachtymazury.pl/en/sailing-yachts/antila-28-2/,https://jachtymazury.pl/en/sailing-yachts/antila-28-2/,EN — do zbudowania,"wersja angielska: treść, meta i hreflang w _seo/obecna-strona.json"
https://jachtymazury.pl/en/sailing-yachts/antila-30-1/,https://jachtymazury.pl/en/sailing-yachts/antila-30-1/,EN — do zbudowania,"wersja angielska: treść, meta i hreflang w _seo/obecna-strona.json"
https://jachtymazury.pl/en/sailing-yachts/antila-30/,https://jachtymazury.pl/en/sailing-yachts/antila-30/,EN — do zbudowania,"wersja angielska: treść, meta i hreflang w _seo/obecna-strona.json"
https://jachtymazury.pl/en/sailing-yachts/antila-33-3/,https://jachtymazury.pl/en/sailing-yachts/antila-33-3/,EN — do zbudowania,"wersja angielska: treść, meta i hreflang w _seo/obecna-strona.json"
https://jachtymazury.pl/en/sailing-yachts/antila-33/,https://jachtymazury.pl/en/sailing-yachts/antila-33/,EN — do zbudowania,"wersja angielska: treść, meta i hreflang w _seo/obecna-strona.json"
https://jachtymazury.pl/en/sailing-yachts/maxus-24-evo/,https://jachtymazury.pl/en/sailing-yachts/maxus-24-evo/,EN — do zbudowania,"wersja angielska: treść, meta i hreflang w _seo/obecna-strona.json"
https://jachtymazury.pl/en/sailing-yachts/maxus-28/,https://jachtymazury.pl/en/sailing-yachts/maxus-28/,EN — do zbudowania,"wersja angielska: treść, meta i hreflang w _seo/obecna-strona.json"
https://jachtymazury.pl/en/stillo-31-star/,https://jachtymazury.pl/en/stillo-31-star/,EN — do zbudowania,"wersja angielska: treść, meta i hreflang w _seo/obecna-strona.json"
https://jachtymazury.pl/en/week-long-sailing-trip-in-masuria/,https://jachtymazury.pl/en/week-long-sailing-trip-in-masuria/,EN — do zbudowania,"wersja angielska: treść, meta i hreflang w _seo/obecna-strona.json"
https://jachtymazury.pl/en/what-to-pack-for-a-sailing-trip-in-masuria/,https://jachtymazury.pl/en/what-to-pack-for-a-sailing-trip-in-masuria/,EN — do zbudowania,"wersja angielska: treść, meta i hreflang w _seo/obecna-strona.json"
https://jachtymazury.pl/en/which-yacht-for-a-couple-family-or-group/,https://jachtymazury.pl/en/which-yacht-for-a-couple-family-or-group/,EN — do zbudowania,"wersja angielska: treść, meta i hreflang w _seo/obecna-strona.json"
https://jachtymazury.pl/en/yacht-charter-in-gizycko/,https://jachtymazury.pl/en/yacht-charter-in-gizycko/,EN — do zbudowania,"wersja angielska: treść, meta i hreflang w _seo/obecna-strona.json"
https://jachtymazury.pl/en/yacht-charter-in-september/,https://jachtymazury.pl/en/yacht-charter-in-september/,EN — do zbudowania,"wersja angielska: treść, meta i hreflang w _seo/obecna-strona.json"
https://jachtymazury.pl/en/yacht-management/,https://jachtymazury.pl/en/yacht-management/,EN — do zbudowania,"wersja angielska: treść, meta i hreflang w _seo/obecna-strona.json"
https://jachtymazury.pl/en/yacht-safety-in-masuria-key-rules/,https://jachtymazury.pl/en/yacht-safety-in-masuria-key-rules/,EN — do zbudowania,"wersja angielska: treść, meta i hreflang w _seo/obecna-strona.json"
